Scenarios,VDOT,Other MS4s,VPDES Permitees,Total Forest
Current MS4,12973.30102,369.190364,311.178562,35837.63853
Drainage To All County Outfalls Of Any Ownership,18793.31833,1878.809257,970.206672,49777.84591
Entire County,24483.20377,4747.52037,3462.219218,142877.9633
